Workbook
Name Products: Products!$K$10:$M$15

Sheet Products
F3: Assignment-2
K8: Products
K9: ProductId | L9: Product | M9: Price
K10: 101 | L10: Product A | M10: 120
K11: 102 | L11: Product B | M11: 150
K12: 103 | L12: Product C | M12: 200
K13: 104 | L13: Product D | M13: 90
K14: 105 | L14: Product E | M14: 220
K15: 106 | L15: Product F | M15: 30

Sheet Orders
D5: Assignment-2
B11: Orders | E11: Q1 | F11: Q2 | H11: Q3 | I11: Q4 | K11: Q5 | L11: Q6 | M11: Q7
B12: OrderId | C12: ProductId | D12: Quantity | E12: ProductName | F12: Price | G12: TotalPrice | H12: Product Available or Not | I12: DiscountedPrice | J12: Disc.TotalPrice | K12: MaxOrderValue | L12: Order Status | M12: Product | N12: Price | O12: TotalPrice
B13: 1 | C13: 101 | D13: 2 | E13: =VLOOKUP(Orders!C13,Products,2,0) -> Product A | F13: =VLOOKUP(Orders!C13,Products,3,0) -> 120 | G13: =D13*F13 -> 240 | H13: =IF(ISNA(VLOOKUP(C13,Products,2,0)),"Product not Exist","Product Exist") -> Product Exist | I13: =VLOOKUP(C13,Products!$K$9:$M$15,3,0) * 0.9 -> 108 | J13: =D13*I13 -> 216 | K13: =MAX(G13:G18) -> 880 | L13: =IF(ISNA(VLOOKUP(C13,Products!$K$10:$K$15,2,0)),"NotOrdered","Ordered") -> Ordered | M13: =VLOOKUP(C13,Products!$K$9:$M$15,2,0) -> Product A | N13: =VLOOKUP(C13,Products!$K$9:$M$15,3,1) -> 120 | O13: =D13*N13 -> 240
B14: 2 | C14: 103 | D14: 1 | E14: =VLOOKUP(Orders!C14,Products,2,0) -> Product C | F14: =VLOOKUP(Orders!C14,Products,3,0) -> 200 | G14: =D14*F14 -> 200 | H14: =IF(ISNA(VLOOKUP(C14,Products,2,0)),"Product not Exist","Product Exist") -> Product Exist | I14: =VLOOKUP(C14,Products!$K$9:$M$15,3,0) * 0.9 -> 180 | J14: =D14*I14 -> 180 | L14: =IF(ISNA(VLOOKUP(C14,Products!$K$10:$K$15,2,0)),"NotOrdered","Ordered") -> Ordered | M14: =VLOOKUP(C14,Products!$K$9:$M$15,2,0) -> Product C | N14: =VLOOKUP(C14,Products!$K$9:$M$15,3,1) -> 200 | O14: =D14*N14 -> 200
B15: 3 | C15: 105 | D15: 4 | E15: =VLOOKUP(Orders!C15,Products,2,0) -> Product E | F15: =VLOOKUP(Orders!C15,Products,3,0) -> 220 | G15: =D15*F15 -> 880 | H15: =IF(ISNA(VLOOKUP(C15,Products,2,0)),"Product not Exist","Product Exist") -> Product Exist | I15: =VLOOKUP(C15,Products!$K$9:$M$15,3,0) * 0.9 -> 198 | J15: =D15*I15 -> 792 | L15: =IF(ISNA(VLOOKUP(C15,Products!$K$10:$K$15,2,0)),"NotOrdered","Ordered") -> Ordered | M15: =VLOOKUP(C15,Products!$K$9:$M$15,2,0) -> Product E | N15: =VLOOKUP(C15,Products!$K$9:$M$15,3,1) -> 220 | O15: =D15*N15 -> 880
B16: 4 | C16: 106 | D16: 3 | E16: =VLOOKUP(Orders!C16,Products,2,0) -> Product F | F16: =VLOOKUP(Orders!C16,Products,3,0) -> 30 | G16: =D16*F16 -> 90 | H16: =IF(ISNA(VLOOKUP(C16,Products,2,0)),"Product not Exist","Product Exist") -> Product Exist | I16: =VLOOKUP(C16,Products!$K$9:$M$15,3,0) * 0.9 -> 27 | J16: =D16*I16 -> 81 | L16: =IF(ISNA(VLOOKUP(C16,Products!$K$10:$K$15,2,0)),"NotOrdered","Ordered") -> Ordered | M16: =VLOOKUP(C16,Products!$K$9:$M$15,2,0) -> Product F | N16: =VLOOKUP(C16,Products!$K$9:$M$15,3,1) -> 30 | O16: =D16*N16 -> 90
B17: 5 | C17: 102 | D17: 5 | E17: =VLOOKUP(Orders!C17,Products,2,0) -> Product B | F17: =VLOOKUP(Orders!C17,Products,3,0) -> 150 | G17: =D17*F17 -> 750 | H17: =IF(ISNA(VLOOKUP(C17,Products,2,0)),"Product not Exist","Product Exist") -> Product Exist | I17: =VLOOKUP(C17,Products!$K$9:$M$15,3,0) * 0.9 -> 135 | J17: =D17*I17 -> 675 | L17: =IF(ISNA(VLOOKUP(C17,Products!$K$10:$K$15,2,0)),"NotOrdered","Ordered") -> Ordered | M17: =VLOOKUP(C17,Products!$K$9:$M$15,2,0) -> Product B | N17: =VLOOKUP(C17,Products!$K$9:$M$15,3,1) -> 150 | O17: =D17*N17 -> 750
B18: 6 | C18: 104 | D18: 6 | E18: =VLOOKUP(Orders!C18,Products,2,0) -> Product D | F18: =VLOOKUP(Orders!C18,Products,3,0) -> 90 | G18: =D18*F18 -> 540 | H18: =IF(ISNA(VLOOKUP(C18,Products,2,0)),"Product not Exist","Product Exist") -> Product Exist | I18: =VLOOKUP(C18,Products!$K$9:$M$15,3,0) * 0.9 -> 81 | J18: =D18*I18 -> 486 | L18: =IF(ISNA(VLOOKUP(C18,Products!$K$10:$K$15,2,0)),"NotOrdered","Ordered") -> Ordered | M18: =VLOOKUP(C18,Products!$K$9:$M$15,2,0) -> Product D | N18: =VLOOKUP(C18,Products!$K$9:$M$15,3,1) -> 90 | O18: =D18*N18 -> 540
C19: 150 | H19: =IF(ISNA(VLOOKUP(C19,Products,2,0)),"Product not Exist","Product Exist") -> Product not Exist | L19: =IF(ISNA(VLOOKUP(C19,Products!$K$10:$K$15,2,0)),"NotOrdered","Ordered") -> NotOrdered
